Fila,Columna,Demanda
1,1,771
2,1,1447
3,1,1480
4,1,1171
5,1,715
6,1,1314
1,2,678
2,2,635
3,2,953
4,2,959
5,2,1466
6,2,1384
1,3,744
2,3,993
3,3,1101
4,3,1234
5,3,917
6,3,1143
1,4,566
2,4,505
3,4,891
4,4,696
5,4,1497
6,4,1248
1,5,1201
2,5,926
3,5,729
4,5,500
5,5,627
6,5,1143
1,6,1349
2,6,1363
3,6,1499
4,6,1291
5,6,904
6,6,1244
