Fila,Columna,CostoConstruccion
1,1,148
2,1,122
3,1,179
4,1,173
5,1,166
6,1,145
1,2,124
2,2,158
3,2,147
4,2,179
5,2,162
6,2,125
1,3,130
2,3,155
3,3,116
4,3,173
5,3,118
6,3,130
1,4,111
2,4,139
3,4,118
4,4,134
5,4,129
6,4,119
1,5,144
2,5,139
3,5,126
4,5,143
5,5,115
6,5,156
1,6,149
2,6,128
3,6,167
4,6,127
5,6,141
6,6,121
