Fila,Columna,Demanda,CostoConstruccion
1,1,771,148
2,1,1447,122
3,1,1480,179
4,1,1171,173
5,1,715,166
6,1,1314,145
1,2,678,124
2,2,635,158
3,2,953,147
4,2,959,179
5,2,1466,162
6,2,1384,125
1,3,744,130
2,3,993,155
3,3,1101,116
4,3,1234,173
5,3,917,118
6,3,1143,130
1,4,566,111
2,4,505,139
3,4,891,118
4,4,696,134
5,4,1497,129
6,4,1248,119
1,5,1201,144
2,5,926,139
3,5,729,126
4,5,500,143
5,5,627,115
6,5,1143,156
1,6,1349,149
2,6,1363,128
3,6,1499,167
4,6,1291,127
5,6,904,141
6,6,1244,121
